{"Labels": {"_type": "images/separated", "width": 1600, "height": 1600, "format": "jpg", "count": 2, "captions": ["labels.jpg", "labels_correlogram.jpg"]}, "Mosaics": {"_type": "images/separated", "width": 1280, "height": 1280, "format": "jpg", "count": 3, "captions": ["train_batch0.jpg", "train_batch1.jpg", "train_batch2.jpg"]}, "train/box_loss": 0.06884805113077164, "train/obj_loss": 0.031331274658441544, "train/cls_loss": 0.002618771744892001, "metrics/precision": 0.41175203247811776, "metrics/recall": 0.3960674157303371, "metrics/mAP_0.5": 0.34022325466134307, "metrics/mAP_0.5:0.95": 0.12147079648510384, "val/box_loss": 0.061734918504953384, "val/obj_loss": 0.020635703578591347, "val/cls_loss": 0.001370194717310369, "x/lr0": 0.001519166757130781, "x/lr1": 0.001519166757130781, "x/lr2": 0.08631916675713078, "_runtime": 110, "_timestamp": 1627745635, "_step": 2}